Job ID,Job URL,Job Title,Status,Timestamp,Page,Job Number
c7f2d3ad1110e212,https://www.myjobmag.co.ke/job/fieldforce-team-leader-kenya-iqvia,Fieldforce Team Leader - Kenya,wp_post_failed,2026-09-22T18:11:58.359119,50,1
5d857a34b0f3f78d,https://www.myjobmag.co.ke/job/co-founder-sustainable-agriculture-enviu,"Co-founder, Sustainable Agriculture",wp_post_failed,2026-09-22T18:12:03.737324,50,2
d09fc7d350e7bfb9,https://www.myjobmag.co.ke/job/ke-regional-procurement-manager-national-church-world-service,KE-Regional Procurement Manager (National),wp_post_failed,2026-09-22T18:12:09.133261,50,3
3d12e4e915644d55,https://www.myjobmag.co.ke/job/safety-auditor-solenis-3,Safety Auditor,wp_post_failed,2026-09-22T18:12:14.488719,50,4
9574f01a28e54e90,https://www.myjobmag.co.ke/job/driver-personal-assistant-evolve-well-healthcare,Driver/Personal Assistant,wp_post_failed,2026-09-22T18:12:19.722546,50,5
5e4e3e8bb4078e43,https://www.myjobmag.co.ke/job/program-director-agricultural-enterprise-led-market-ecosystems-for-resilience-growth-and-equity-technoserve-kenya,"Program Director: Agricultural Enterprise-led Market Ecosystems for Resilience, Growth and Equity",wp_post_failed,2026-09-22T18:12:24.938232,50,6
9b81d16380c23083,https://www.myjobmag.co.ke/job/technical-services-manager-adm-1,Technical Services Manager,wp_post_failed,2026-09-22T18:12:30.161183,50,7
042ccbc96df2d62f,https://www.myjobmag.co.ke/job/bartender-izaak-walton-inn,Bartender,wp_post_failed,2026-09-22T18:12:35.402920,50,8
c4bcfe3feee4573e,https://www.myjobmag.co.ke/job/internal-audit-assistant-cosmos-limited,Internal Audit Assistant,wp_post_failed,2026-09-22T18:12:40.621513,50,9
1bfa06354f3682c3,https://www.myjobmag.co.ke/job/east-africa-photographer-reuters-thomson-reuters,"East Africa Photographer, Reuters",wp_post_failed,2026-09-22T18:12:45.964960,50,10
c81f31f9f8b8a908,https://www.myjobmag.co.ke/job/breaking-news-correspondent-sub-saharan-africa-thomson-reuters,"Breaking News Correspondent, Sub-Saharan Africa",wp_post_failed,2026-09-22T18:12:49.898659,50,10
6e9333bc978397d5,https://www.myjobmag.co.ke/job/syrup-maker-operator-brava-food-industries,Syrup Maker Operator,wp_post_failed,2026-09-22T18:12:55.084704,50,11
41e2d5a122f78706,https://www.myjobmag.co.ke/job/senior-investment-manager-absa-bank-limited,Senior Investment Manager,wp_post_failed,2026-09-22T18:13:00.648596,50,12
b798680d011861bf,https://www.myjobmag.co.ke/job/investment-dealer-absa-bank-limited,Investment Dealer,wp_post_failed,2026-09-22T18:13:04.655229,50,12
8d08e6e3e1130441,https://www.myjobmag.co.ke/job/trade-development-representative-tdr-ngata-hcs-affiliates-group,Trade Development Representative (TDR) - Ngata,wp_post_failed,2026-09-22T18:13:09.985194,50,13
f316f4f86b37323c,https://www.myjobmag.co.ke/job/trade-development-representative-tdr-mandera-hcs-affiliates-group-1,Trade Development Representative (TDR) - Mandera,wp_post_failed,2026-09-22T18:13:15.376503,50,14
b0ce29c446e72a36,https://www.myjobmag.co.ke/job/vip-driver,VIP Driver,wp_post_failed,2026-09-22T18:13:20.245516,50,15
b48ebbe13c88c3d2,https://www.myjobmag.co.ke/job/development-officer-girls-not-brides,Development Officer,wp_post_failed,2026-09-22T18:13:25.846662,50,16
ea7843ccd687a74a,https://www.myjobmag.co.ke/job/a-registered-nurse-pearl-hospital,A Registered Nurse,wp_post_failed,2026-09-22T18:13:31.095161,50,17
28135eed85c30bd1,https://www.myjobmag.co.ke/job/business-process-specialist-nestle,Business Process Specialist,wp_post_failed,2026-09-22T18:13:36.966217,50,18
4a7f834725a28f1f,https://www.myjobmag.co.ke/job/manufacturing-excellence-nestle,Manufacturing Excellence,wp_post_failed,2026-09-22T18:13:40.889015,50,18
3972357c1056e8f6,https://www.myjobmag.co.ke/job/head-of-workplace-it-m-kopa-solar,Head of Workplace IT,wp_post_failed,2026-09-22T18:13:46.133943,50,19
aa69337c3ab172b1,https://www.myjobmag.co.ke/job/chief-operating-officer-alliance-for-a-green-revolution-in-africa-agra,Chief Operating Officer,wp_post_failed,2026-09-22T18:13:51.465592,50,20
8350e313ad7bff52,https://www.myjobmag.co.ke/job/lecturer-entrepreneurship-technical-university-of-mombasa,Lecturer -(Entrepreneurship),wp_post_failed,2026-09-22T18:13:56.932030,50,21
fc10d5903d296aff,https://www.myjobmag.co.ke/job/lecturer-account-finance-technical-university-of-mombasa-1,Lecturer- (Account/Finance),wp_post_failed,2026-09-22T18:14:00.864022,50,21
ad469fccdad8dd0b,https://www.myjobmag.co.ke/job/lecturer-architecture-technical-university-of-mombasa,Lecturer (Architecture),wp_post_failed,2026-09-22T18:14:04.887286,50,21
02d572530ce25cdc,https://www.myjobmag.co.ke/job/lecturer-corporate-communications-technical-university-of-mombasa,Lecturer – (Corporate Communications),wp_post_failed,2026-09-22T18:14:08.939634,50,21
f3db5f0c37b6762e,https://www.myjobmag.co.ke/job/lecturer-sociology-technical-university-of-mombasa,Lecturer – (Sociology),wp_post_failed,2026-09-22T18:14:12.977718,50,21
51e777f66dc777a2,https://www.myjobmag.co.ke/job/lecturer-applied-mechanics-engineering-industrial-engineering-material-science-engineering-technical-university-of-mombasa,Lecturer (Applied Mechanics Engineering / Industrial Engineering /Material Science Engineering),wp_post_failed,2026-09-22T18:14:16.921085,50,21
e1936098f21d675c,https://www.myjobmag.co.ke/job/assistant-technologist-mechanical-production-technical-university-of-mombasa,Assistant Technologist –Mechanical Production,wp_post_failed,2026-09-22T18:14:20.873546,50,21
db457243e82d7403,https://www.myjobmag.co.ke/job/lecturer-biomedical-engineering-technical-university-of-mombasa-1,Lecturer (Biomedical Engineering),wp_post_failed,2026-09-22T18:14:24.821707,50,21
13c219aa46623584,https://www.myjobmag.co.ke/job/professor-civil-engineering-technical-university-of-mombasa,Professor ( Civil Engineering ),wp_post_failed,2026-09-22T18:14:28.848753,50,21
